{
    "model_type": "logistic_regression",
    "best_score": 0.09002782017827843,
    "best_params": {
        "C": 7.612386084993726,
        "solver": "liblinear",
        "penalty": "l1"
    },
    "test_metrics": {
        "precision": 0.06779661016949153,
        "recall": 0.1568627450980392,
        "f1": 0.09467455621301775,
        "roc_auc": 0.5349450195676013,
        "pr_auc": 0.040945837373647105,
        "custom_cost": -2.7
    }
}